res i,res j,rot A_i,rot B_j,E_ij
1,2,10,10,0.7207369208335876
1,2,10,11,0.753841757774353
1,2,11,10,0.09026861190795898
1,2,11,11,0.1213676929473877
