res i,res j,rot A_i,rot B_j,E_ij
1,2,10,10,3.3467509746551514
1,2,10,11,2.647799253463745
1,2,11,10,6.799718379974365
1,2,11,11,5.005854606628418
2,3,10,10,-0.06088114529848099
2,3,10,11,-0.2406443953514099
2,3,11,10,-0.05492175370454788
2,3,11,11,-0.23468506336212158
