res i,res j,rot A_i,rot B_j,E_ij
1,2,10,10,0.6064389944076538
1,2,10,11,0.7129043340682983
1,2,11,10,0.3559113144874573
1,2,11,11,0.46510589122772217
2,3,10,10,3.9286441802978516
2,3,10,11,3.7394840717315674
2,3,11,10,2.4776804447174072
2,3,11,11,2.266186237335205
3,4,10,10,0.7727482318878174
3,4,10,11,0.7157245874404907
3,4,11,10,-0.1415647566318512
3,4,11,11,-0.19858837127685547
4,5,10,10,0.8744568228721619
4,5,10,11,1.2700741291046143
4,5,11,10,1.4387009143829346
4,5,11,11,1.8414757251739502
5,6,10,10,4.540716171264648
5,6,10,11,4.591864109039307
5,6,11,10,7.235509872436523
5,6,11,11,5.581791877746582
6,7,10,10,0.4119717478752136
6,7,10,11,0.5903955698013306
6,7,11,10,2.5928823947906494
6,7,11,11,3.327367067337036
7,8,10,10,1.3214777708053589
7,8,10,11,2.187725782394409
7,8,11,10,1.3213363885879517
7,8,11,11,2.187584638595581
