res i,rot A_i,E_ii
1,10,1.2275336980819702
1,11,1.3035848140716553
2,10,1.3891098499298096
2,11,2.836405038833618
3,10,0.4205970764160156
3,11,1.0588099956512451
4,10,1.6307824850082397
4,11,0.9161342978477478
5,10,0.26049038767814636
5,11,2.5399022102355957
6,10,1.1010174751281738
6,11,3.6271347999572754
