res i,rot A_i,E_ii
1,10,1.1462268829345703
1,11,1.1100640296936035
2,10,0.7639384865760803
2,11,0.5443022847175598
3,10,1.0790693759918213
3,11,2.3327457904815674
