res i,rot A_i,E_ii
1,10,1.2242850065231323
1,11,1.3044593334197998
2,10,1.3832073211669922
2,11,2.778438091278076
3,10,1.427977204322815
3,11,0.2621769905090332
4,10,1.60700261592865
4,11,0.9346761703491211
5,10,0.21587419509887695
5,11,2.0368969440460205
6,10,2.289536714553833
6,11,2.5320041179656982
7,10,1.398605227470398
7,11,1.3432044982910156
