res i,res j,rot A_i,rot B_j,E_ij
1,2,10,10,1.3324244022369385
1,2,10,11,0.5376758575439453
1,2,11,10,0.37601280212402344
1,2,11,11,-0.6912480592727661
2,3,10,10,-1.6034131050109863
2,3,10,11,3.372689723968506
2,3,11,10,0.8199743628501892
2,3,11,11,0.8331434726715088
3,4,10,10,-1.3404974937438965
3,4,10,11,-1.6635394096374512
3,4,11,10,-0.5231685638427734
3,4,11,11,-0.8482838869094849
4,5,10,10,12.586774826049805
4,5,10,11,10.655501365661621
4,5,11,10,9.483022689819336
4,5,11,11,10.00711727142334
5,6,10,10,0.5311925411224365
5,6,10,11,0.5387997627258301
5,6,11,10,0.18154528737068176
5,6,11,11,0.18915250897407532
6,7,10,10,1.8778563737869263
6,7,10,11,1.9437354803085327
6,7,11,10,1.9497538805007935
6,7,11,11,2.015702486038208
