res i,rot A_i,E_ii
1,10,1.7497375011444092
1,11,1.342016339302063
2,10,1.5022609233856201
2,11,0.6130506992340088
3,10,1.2526496648788452
3,11,0.5298484563827515
4,10,1.6690243482589722
4,11,1.999065637588501
