res i,res j,rot A_i,rot B_j,E_ij
1,2,10,10,1.331036925315857
1,2,10,11,0.5384829044342041
1,2,11,10,0.37557530403137207
1,2,11,11,-0.6930340528488159
2,3,10,10,-1.7442176342010498
2,3,10,11,-1.6693201065063477
2,3,11,10,0.8114704489707947
2,3,11,11,0.8864092230796814
3,4,10,10,-1.1202188730239868
3,4,10,11,-1.424697756767273
3,4,11,10,-1.0749603509902954
3,4,11,11,-1.3794574737548828
4,5,10,10,12.683073043823242
4,5,10,11,10.581652641296387
4,5,11,10,9.636643409729004
4,5,11,11,9.934015274047852
5,6,10,10,4.327271938323975
5,6,10,11,2.8939414024353027
5,6,11,10,4.79387092590332
5,6,11,11,3.365485906600952
