res i,res j,rot A_i,rot B_j,E_ij
1,2,10,10,1.6074578762054443
1,2,10,11,1.8792915344238281
1,2,11,10,0.3669705390930176
1,2,11,11,0.6019164323806763
2,3,10,10,0.1190105676651001
2,3,10,11,0.14490878582000732
2,3,11,10,0.6449164748191833
2,3,11,11,0.6048699021339417
3,4,10,10,-0.45224201679229736
3,4,10,11,-0.7798488736152649
3,4,11,10,-0.9574918150901794
3,4,11,11,-1.2809326648712158
4,5,10,10,10.036277770996094
4,5,10,11,10.01356029510498
4,5,11,10,9.137741088867188
4,5,11,11,9.11855697631836
