res i,rot A_i,E_ii
1,10,1.5231566429138184
1,11,1.3658417463302612
2,10,4.898780345916748
2,11,0.9519407749176025
3,10,0.6837684512138367
3,11,1.2702465057373047
4,10,1.9369289875030518
4,11,1.7033803462982178
5,10,2.131765842437744
5,11,2.3734309673309326
