res i,res j,rot A_i,rot B_j,E_ij
1,2,10,10,-0.3187193274497986
1,2,10,11,0.6871107220649719
1,2,11,10,-0.703332245349884
1,2,11,11,-0.8240311145782471
2,3,10,10,0.15431702136993408
2,3,10,11,-0.2298111915588379
2,3,11,10,3.0740747451782227
2,3,11,11,1.5576872825622559
3,4,10,10,-0.4152040481567383
3,4,10,11,-0.38321053981781006
3,4,11,10,-0.4442104697227478
3,4,11,11,-0.4122169613838196
4,5,10,10,0.46194154024124146
4,5,10,11,0.6081265211105347
4,5,11,10,1.06919264793396
4,5,11,11,1.2214586734771729
5,6,10,10,5.529895305633545
5,6,10,11,5.446017742156982
5,6,11,10,5.446453094482422
5,6,11,11,5.864487648010254
6,7,10,10,0.8238033652305603
6,7,10,11,0.6797520518302917
6,7,11,10,0.038331881165504456
6,7,11,11,0.2476671189069748
7,8,10,10,0.6765379905700684
7,8,10,11,0.4334954023361206
7,8,11,10,1.163480520248413
7,8,11,11,0.9106460809707642
8,9,10,10,0.397853285074234
8,9,10,11,0.22827968001365662
8,9,11,10,-0.21269187331199646
8,9,11,11,-0.3811602294445038
