res i,rot A_i,E_ii
1,10,1.0184458494186401
1,11,0.2786819636821747
2,10,0.9765146374702454
2,11,1.4511950016021729
3,10,1.080278992652893
3,11,2.124392032623291
4,10,0.8713082671165466
4,11,0.6475518941879272
5,10,2.65506649017334
5,11,2.4991440773010254
6,10,2.065488338470459
6,11,1.68132483959198
7,10,0.7244086265563965
7,11,2.1969668865203857
8,10,1.934778094291687
8,11,2.4483094215393066
9,10,1.9204480648040771
9,11,2.1158111095428467
