res i,rot A_i,E_ii
1,10,0.6551976203918457
1,11,0.9873953461647034
2,10,2.2334189414978027
2,11,1.9817818403244019
3,10,0.9849238395690918
3,11,1.247343897819519
4,10,0.8497356176376343
4,11,1.1577684879302979
5,10,5.1747941970825195
5,11,1.4937384128570557
6,10,0.7304292917251587
6,11,1.9150594472885132
7,10,0.8693732619285583
7,11,0.9734375476837158
8,10,1.4518533945083618
8,11,1.0828841924667358
