res i,res j,rot A_i,rot B_j,E_ij
1,2,10,10,3.3755698204040527
1,2,10,11,0.19628620147705078
1,2,11,10,1.126073956489563
1,2,11,11,-0.29206788539886475
2,3,10,10,0.7900418639183044
2,3,10,11,0.4671710133552551
2,3,11,10,0.44166499376296997
2,3,11,11,0.11949361115694046
3,4,10,10,-0.885757327079773
3,4,10,11,-0.9904046058654785
3,4,11,10,0.13306832313537598
3,4,11,11,0.03253579139709473
