res i,res j,rot A_i,rot B_j,E_ij
1,2,10,10,1.3320684432983398
1,2,10,11,0.542741596698761
1,2,10,12,0.4442627429962158
1,2,11,10,0.3761540949344635
1,2,11,11,-0.6883822679519653
1,2,11,12,-0.5240967273712158
1,2,12,10,1.4071731567382812
1,2,12,11,0.4821694493293762
1,2,12,12,0.516001284122467
2,3,10,10,-1.7383984327316284
2,3,10,11,-1.6637247800827026
2,3,10,12,-1.6865867376327515
2,3,11,10,0.8107892274856567
2,3,11,11,0.8855026364326477
2,3,11,12,0.8107892274856567
2,3,12,10,0.8397329449653625
2,3,12,11,0.9144657850265503
2,3,12,12,0.8397329449653625
3,4,10,10,-1.1201523542404175
3,4,10,11,-1.4245660305023193
3,4,10,12,-1.0307281017303467
3,4,11,10,-1.0748955011367798
3,4,11,11,-1.379327416419983
3,4,11,12,-0.985471248626709
3,4,12,10,-1.1200149059295654
3,4,12,11,-1.4244285821914673
3,4,12,12,-1.0305906534194946
4,5,10,10,12.684270858764648
4,5,10,11,10.583073616027832
4,5,10,12,10.31592082977295
4,5,11,10,9.638538360595703
4,5,11,11,9.935498237609863
4,5,11,12,9.205817222595215
4,5,12,10,14.079160690307617
4,5,12,11,10.617748260498047
4,5,12,12,10.772789001464844
5,6,10,10,4.3224873542785645
5,6,10,11,2.898534059524536
5,6,10,12,3.928082227706909
5,6,11,10,4.789615631103516
5,6,11,11,3.3706037998199463
5,6,11,12,4.394469738006592
5,6,12,10,4.538548469543457
5,6,12,11,3.114649534225464
5,6,12,12,4.144134044647217
