res i,res j,rot A_i,rot B_j,E_ij
1,2,10,10,0.7207369208335876
1,2,10,11,0.753841757774353
1,2,10,12,0.8940832614898682
1,2,11,10,0.09026861190795898
1,2,11,11,0.1213676929473877
1,2,11,12,0.26143527030944824
1,2,12,10,0.5167786478996277
1,2,12,11,0.5467525720596313
1,2,12,12,0.6853535175323486
