res i,rot A_i,E_ii
1,10,1.5223685503005981
1,11,1.3662316799163818
1,12,1.8636330366134644
2,10,4.901258945465088
2,11,0.952422559261322
2,12,1.7295160293579102
3,10,0.6744959354400635
3,11,1.26895272731781
3,12,1.4700672626495361
4,10,1.9375596046447754
4,11,1.7040960788726807
4,12,-0.18235233426094055
5,10,2.1317436695098877
5,11,2.3728504180908203
5,12,2.0824689865112305
