res i,rot A_i,E_ii
1,10,1.0184688568115234
1,11,2.11256742477417
1,12,0.2786235809326172
2,10,0.976306140422821
2,11,1.4516136646270752
2,12,1.881933331489563
3,10,1.079264760017395
3,11,2.1233928203582764
3,12,1.6446285247802734
4,10,0.8716838955879211
4,11,0.6482203602790833
4,12,0.6748526692390442
5,10,2.6556568145751953
5,11,2.4999120235443115
5,12,0.3522540330886841
6,10,2.0651025772094727
6,11,1.6817305088043213
6,12,2.1882200241088867
7,10,0.7245697975158691
7,11,2.197125196456909
7,12,1.9784284830093384
8,10,1.9353185892105103
8,11,2.4501421451568604
8,12,1.5844981670379639
9,10,1.919045329093933
9,11,2.1116139888763428
9,12,2.169379234313965
