res i,rot A_i,E_ii
1,10,1.5082932710647583
1,11,1.3550057411193848
1,12,1.8486448526382446
2,10,4.864551544189453
2,11,0.9589229822158813
2,12,1.7413417100906372
3,10,1.0865739583969116
3,11,-0.16981343924999237
3,12,0.18627791106700897
4,10,1.6005818843841553
4,11,0.9276005029678345
4,12,1.701033353805542
5,10,0.19583815336227417
5,11,1.9759527444839478
5,12,1.8588955402374268
6,10,2.7816054821014404
6,11,2.3421998023986816
6,12,3.2381160259246826
7,10,1.415449857711792
7,11,1.3757662773132324
7,12,1.5681207180023193
