res i,res j,rot A_i,rot B_j,E_ij
1,2,10,10,1.5758092403411865
1,2,10,11,1.8385363817214966
1,2,10,12,1.8014661073684692
1,2,11,10,0.3574869930744171
1,2,11,11,0.5837465524673462
1,2,11,12,0.5454891920089722
1,2,12,10,1.7081949710845947
1,2,12,11,1.985809564590454
1,2,12,12,1.9423801898956299
2,3,10,10,-0.07504457235336304
2,3,10,11,-0.27160829305648804
2,3,10,12,-0.27160829305648804
2,3,11,10,0.9442411065101624
2,3,11,11,0.7599868774414062
2,3,11,12,0.7599868774414062
2,3,12,10,-0.25544047355651855
2,3,12,11,-0.32393115758895874
2,3,12,12,-0.2072506546974182
3,4,10,10,-0.8903331160545349
3,4,10,11,-1.0799514055252075
3,4,10,12,-0.8019221425056458
3,4,11,10,-1.070157766342163
3,4,11,11,-1.2599436044692993
3,4,11,12,-0.9817467927932739
3,4,12,10,-1.077530026435852
3,4,12,11,-1.2673158645629883
3,4,12,12,-0.9891190528869629
4,5,10,10,12.537126541137695
4,5,10,11,10.617091178894043
4,5,10,12,13.447568893432617
4,5,11,10,9.402522087097168
4,5,11,11,9.968032836914062
4,5,11,12,9.286846160888672
4,5,12,10,14.02352523803711
4,5,12,11,10.757692337036133
4,5,12,12,15.7902193069458
5,6,10,10,3.8684539794921875
5,6,10,11,4.808192729949951
5,6,10,12,3.8640172481536865
5,6,11,10,3.505382776260376
5,6,11,11,4.445642471313477
5,6,11,12,3.500945568084717
5,6,12,10,3.8406379222869873
5,6,12,11,4.78037691116333
5,6,12,12,3.8362009525299072
6,7,10,10,3.7712013721466064
6,7,10,11,3.8368186950683594
6,7,10,12,3.896318197250366
6,7,11,10,3.746922254562378
6,7,11,11,3.8125343322753906
6,7,11,12,3.8720431327819824
6,7,12,10,3.915264844894409
6,7,12,11,3.980882167816162
6,7,12,12,4.04038143157959
