res i,res j,rot A_i,rot B_j,E_ij
1,2,10,10,0.6060676574707031
1,2,10,11,0.7122447490692139
1,2,10,12,0.5655478239059448
1,2,11,10,0.35657089948654175
1,2,11,11,0.4655112326145172
1,2,11,12,0.31382322311401367
1,2,12,10,0.5986005067825317
1,2,12,11,0.707298755645752
1,2,12,12,0.5555579662322998
2,3,10,10,3.9204771518707275
2,3,10,11,3.731046676635742
2,3,10,12,3.9245195388793945
2,3,11,10,2.464895486831665
2,3,11,11,2.2545247077941895
2,3,11,12,2.468938112258911
2,3,12,10,4.078892707824707
2,3,12,11,3.8958563804626465
2,3,12,12,4.082668781280518
3,4,10,10,0.7703347206115723
3,4,10,11,0.7152758836746216
3,4,10,12,0.8266185522079468
3,4,11,10,-0.1422480344772339
3,4,11,11,-0.19730690121650696
3,4,11,12,-0.08596411347389221
3,4,12,10,1.3008126020431519
3,4,12,11,1.2457538843154907
3,4,12,12,1.357096552848816
4,5,10,10,0.8691166043281555
4,5,10,11,1.2640314102172852
4,5,10,12,1.1657965183258057
4,5,11,10,1.426780343055725
4,5,11,11,1.8286499977111816
4,5,11,12,1.7304151058197021
4,5,12,10,1.0468336343765259
4,5,12,11,1.4401658773422241
4,5,12,12,1.3419309854507446
5,6,10,10,4.528834342956543
5,6,10,11,4.573469161987305
5,6,10,12,4.558595657348633
5,6,11,10,7.231276988983154
5,6,11,11,5.537743091583252
5,6,11,12,5.52286958694458
5,6,12,10,6.698598384857178
5,6,12,11,5.604342937469482
5,6,12,12,5.589468955993652
6,7,10,10,0.6451419591903687
6,7,10,11,0.4646722674369812
6,7,10,12,0.2755717635154724
6,7,11,10,3.374858856201172
6,7,11,11,2.6422953605651855
6,7,11,12,1.1541085243225098
6,7,12,10,4.332154273986816
6,7,12,11,3.4720306396484375
6,7,12,12,1.4772582054138184
7,8,10,10,1.3193764686584473
7,8,10,11,2.186410427093506
7,8,10,12,1.2809237241744995
7,8,11,10,1.31944739818573
7,8,11,11,2.186481237411499
7,8,11,12,1.2809944152832031
7,8,12,10,2.098414659500122
7,8,12,11,2.995365619659424
7,8,12,12,2.0599617958068848
