res i,res j,rot A_i,rot B_j,E_ij
1,2,10,10,1.6085944175720215
1,2,10,11,1.8803606033325195
1,2,10,12,1.8349370956420898
1,2,11,10,0.36718326807022095
1,2,11,11,0.6020828485488892
1,2,11,12,0.5555240511894226
1,2,12,10,1.7367867231369019
1,2,12,11,2.023623466491699
1,2,12,12,1.9717767238616943
2,3,10,10,0.11743980646133423
2,3,10,11,0.14354929327964783
2,3,10,12,-0.05758437514305115
2,3,11,10,0.6445986032485962
2,3,11,11,0.6044095158576965
2,3,11,12,0.6050956845283508
2,3,12,10,3.5494871139526367
2,3,12,11,4.891005516052246
2,3,12,12,4.2460761070251465
3,4,10,10,-0.45334702730178833
3,4,10,11,-0.781782329082489
3,4,10,12,-0.5271326303482056
3,4,11,10,-0.9563519954681396
3,4,11,11,-1.2806131839752197
3,4,11,12,-1.019615650177002
3,4,12,10,-1.1313486099243164
3,4,12,11,-1.4555453062057495
3,4,12,12,-1.19448721408844
4,5,10,10,10.038386344909668
4,5,10,11,10.01571273803711
4,5,10,12,10.034614562988281
4,5,11,10,9.13963794708252
4,5,11,11,9.120506286621094
4,5,11,12,9.139408111572266
4,5,12,10,2.6050329208374023
4,5,12,11,2.5859017372131348
4,5,12,12,2.6048028469085693
