res i,res j,rot A_i,rot B_j,E_ij
1,2,10,10,-0.3191445469856262
1,2,10,11,0.687357485294342
1,2,10,12,1.305592656135559
1,2,11,10,-0.19102776050567627
1,2,11,11,0.09228217601776123
1,2,11,12,0.6711664199829102
1,2,12,10,-0.7038024067878723
1,2,12,11,-0.8242846131324768
1,2,12,12,-0.6271344423294067
2,3,10,10,0.15566956996917725
2,3,10,11,-0.22847634553909302
2,3,10,12,0.12603050470352173
2,3,11,10,3.074284553527832
2,3,11,11,1.558082103729248
2,3,11,12,0.28905150294303894
2,3,12,10,3.7362561225891113
2,3,12,11,2.009580135345459
2,3,12,12,0.33637845516204834
3,4,10,10,-0.4150999188423157
3,4,10,11,-0.38315868377685547
3,4,10,12,-0.3859976530075073
3,4,11,10,-0.4440845251083374
3,4,11,11,-0.4121432900428772
3,4,11,12,-0.41498225927352905
3,4,12,10,0.00196191668510437
3,4,12,11,0.03390321135520935
3,4,12,12,0.031064212322235107
4,5,10,10,0.46283507347106934
4,5,10,11,0.6089638471603394
4,5,10,12,1.4562548398971558
4,5,11,10,1.0700113773345947
4,5,11,11,1.222314715385437
4,5,11,12,9.444494247436523
4,5,12,10,0.4135051369667053
4,5,12,11,0.5511842370033264
4,5,12,12,2.567682981491089
5,6,10,10,5.5268096923828125
5,6,10,11,5.443017482757568
5,6,10,12,5.546263217926025
5,6,11,10,5.4433746337890625
5,6,11,11,5.8613080978393555
5,6,11,12,5.462828159332275
5,6,12,10,3.346485137939453
5,6,12,11,3.293044090270996
5,6,12,12,3.365938425064087
6,7,10,10,0.8246310353279114
6,7,10,11,0.6800848245620728
6,7,10,12,0.8882775902748108
6,7,11,10,0.038462817668914795
6,7,11,11,0.24789634346961975
6,7,11,12,0.45857542753219604
6,7,12,10,1.0128612518310547
6,7,12,11,0.6711860299110413
6,7,12,12,0.8794030547142029
7,8,10,10,0.6774848699569702
7,8,10,11,0.43484294414520264
7,8,10,12,0.6970999240875244
7,8,11,10,1.1644210815429688
7,8,11,11,0.9120079874992371
7,8,11,12,1.404418706893921
7,8,12,10,0.8052278757095337
7,8,12,11,2.2662453651428223
7,8,12,12,3.5597081184387207
8,9,10,10,0.39706718921661377
8,9,10,11,0.22637152671813965
8,9,10,12,0.3696737289428711
8,9,11,10,-0.2128465324640274
8,9,11,11,-0.38248828053474426
8,9,11,12,-0.23522187769412994
8,9,12,10,-0.15980264544487
8,9,12,11,-0.32944440841674805
8,9,12,12,-0.18217799067497253
