res i,rot A_i,E_ii
1,10,0.6552846431732178
1,11,0.9855110049247742
1,12,0.8898823261260986
2,10,2.2156455516815186
2,11,1.9681684970855713
2,12,2.524557113647461
3,10,0.995187520980835
3,11,1.2385386228561401
3,12,1.7803130149841309
4,10,0.8199593424797058
4,11,1.151060938835144
4,12,1.1837499141693115
5,10,5.210753917694092
5,11,1.5110477209091187
5,12,1.9906902313232422
6,10,0.7583426237106323
6,11,1.9110753536224365
6,12,2.166490077972412
7,10,0.990464985370636
7,11,0.8877870440483093
7,12,0.3056758642196655
8,10,1.45185124874115
8,11,1.0831440687179565
8,12,1.9695020914077759
