res i,rot A_i,E_ii
1,10,1.2287507057189941
1,11,1.3031669855117798
1,12,1.5319507122039795
2,10,1.3956071138381958
2,11,2.782599925994873
2,12,1.8533227443695068
3,10,0.4207807183265686
3,11,1.0597050189971924
3,12,0.4759955108165741
4,10,1.6313587427139282
4,11,0.9158360958099365
4,12,1.6436606645584106
5,10,0.2605525851249695
5,11,2.5369362831115723
5,12,-0.1921427845954895
6,10,1.0988432168960571
6,11,3.6273531913757324
6,12,2.4943697452545166
