res i,rot A_i,E_ii
1,10,0.7228772044181824
1,11,1.0608102083206177
1,12,0.9661412835121155
2,10,1.568386435508728
2,11,1.3739349842071533
2,12,1.7210133075714111
