res i,rot A_i,E_ii
1,10,1.1462268829345703
1,11,1.1100640296936035
1,12,1.0842397212982178
1,13,1.9741897583007812
2,10,0.7639384865760803
2,11,0.5443022847175598
2,12,0.4193747043609619
2,13,0.6467209458351135
3,10,1.0790693759918213
3,11,2.3327457904815674
3,12,2.5294113159179688
3,13,2.7680680751800537
