res i,res j,rot A_i,rot B_j,E_ij
1,2,10,10,3.3467509746551514
1,2,10,11,2.647799253463745
1,2,10,12,0.7825062870979309
1,2,10,13,0.5762637257575989
1,2,11,10,6.799718379974365
1,2,11,11,5.005854606628418
1,2,11,12,2.199268341064453
1,2,11,13,2.1018991470336914
1,2,12,10,-0.1286524385213852
1,2,12,11,-0.22442300617694855
1,2,12,12,-0.43723011016845703
1,2,12,13,-0.4369826912879944
1,2,13,10,5.238548278808594
1,2,13,11,3.9686777591705322
1,2,13,12,1.529491662979126
1,2,13,13,1.471737027168274
2,3,10,10,-0.06088114529848099
2,3,10,11,-0.2406443953514099
2,3,10,12,-0.24597600102424622
2,3,10,13,-0.26470693945884705
2,3,11,10,-0.05492175370454788
2,3,11,11,-0.23468506336212158
2,3,11,12,-0.2400166392326355
2,3,11,13,-0.25874754786491394
2,3,12,10,0.7272228002548218
2,3,12,11,0.5474697947502136
2,3,12,12,0.5421382188796997
2,3,12,13,0.5234072804450989
2,3,13,10,0.7272228002548218
2,3,13,11,0.5474697947502136
2,3,13,12,0.5421382188796997
2,3,13,13,0.5234072804450989
