res i,rot A_i,E_ii
1,10,1.1462268829345703
1,11,1.1100640296936035
1,12,1.0842397212982178
1,13,1.9741897583007812
1,14,2.04255747795105
1,15,0.20668601989746094
2,10,0.7639384865760803
2,11,0.5443022847175598
2,12,0.4193747043609619
2,13,0.6467209458351135
2,14,0.9700761437416077
2,15,0.9758790731430054
3,10,1.0790693759918213
3,11,2.3327457904815674
3,12,2.5294113159179688
3,13,2.7680680751800537
3,14,2.5892207622528076
3,15,2.643362283706665
