res i,res j,rot A_i,rot B_j,E_ij
1,2,10,10,3.3467509746551514
1,2,10,11,2.647799253463745
1,2,10,12,0.7825062870979309
1,2,10,13,0.5762637257575989
1,2,10,14,0.9308773875236511
1,2,10,15,0.5194916725158691
1,2,11,10,6.799718379974365
1,2,11,11,5.005854606628418
1,2,11,12,2.199268341064453
1,2,11,13,2.1018991470336914
1,2,11,14,2.285477876663208
1,2,11,15,2.07038950920105
1,2,12,10,-0.1286524385213852
1,2,12,11,-0.22442300617694855
1,2,12,12,-0.43723011016845703
1,2,12,13,-0.4369826912879944
1,2,12,14,-0.4425143003463745
1,2,12,15,-0.4407021999359131
1,2,13,10,5.238548278808594
1,2,13,11,3.9686777591705322
1,2,13,12,1.529491662979126
1,2,13,13,1.471737027168274
1,2,13,14,1.554001808166504
1,2,13,15,1.4455630779266357
1,2,14,10,-0.1358269304037094
1,2,14,11,-0.23159749805927277
1,2,14,12,-0.4412422180175781
1,2,14,13,-0.4409947991371155
1,2,14,14,-0.4465264081954956
1,2,14,15,-0.4447142481803894
1,2,15,10,0.12138016521930695
1,2,15,11,0.09243167191743851
1,2,15,12,-0.3751663267612457
1,2,15,13,-0.37547606229782104
1,2,15,14,-0.36980560421943665
1,2,15,15,-0.3772152364253998
2,3,10,10,-0.06088114529848099
2,3,10,11,-0.2406443953514099
2,3,10,12,-0.24597600102424622
2,3,10,13,-0.26470693945884705
2,3,10,14,-0.23355314135551453
2,3,10,15,-0.2128702700138092
2,3,11,10,-0.05492175370454788
2,3,11,11,-0.23468506336212158
2,3,11,12,-0.2400166392326355
2,3,11,13,-0.25874754786491394
2,3,11,14,-0.2275938093662262
2,3,11,15,-0.20691093802452087
2,3,12,10,0.7272228002548218
2,3,12,11,0.5474697947502136
2,3,12,12,0.5421382188796997
2,3,12,13,0.5234072804450989
2,3,12,14,0.5545610785484314
2,3,12,15,0.5752439498901367
2,3,13,10,0.7272228002548218
2,3,13,11,0.5474697947502136
2,3,13,12,0.5421382188796997
2,3,13,13,0.5234072804450989
2,3,13,14,0.5545610785484314
2,3,13,15,0.5752439498901367
2,3,14,10,0.7272228002548218
2,3,14,11,0.5474697947502136
2,3,14,12,0.5421382188796997
2,3,14,13,0.5234072804450989
2,3,14,14,0.5545610785484314
2,3,14,15,0.5752439498901367
2,3,15,10,0.7272228002548218
2,3,15,11,0.5474697947502136
2,3,15,12,0.5421382188796997
2,3,15,13,0.5234072804450989
2,3,15,14,0.5545610785484314
2,3,15,15,0.5752439498901367
