Experiment,Ground State Energy,Best Measurement,Execution Time (seconds),Number of qubits,shots,Fraction,Iteration Ground State,Sorted Bitstrings
"Aer Simulation XY QAOA, post-selected",4.092030942440033,01011010,102.25715804100037,8,5000,0.7920818181818182,0
"Aer Simulation XY QAOA, post-selected",4.092030942440033,01011010,100.67856621742249,8,5000,0.7920818181818182,0
"Aer Simulation XY QAOA, post-selected",4.092030942440033,01011010,170.6221160888672,8,5000,0.7965241379310345,"[('01011010', {'probability': 0.1702, 'energy': -2.326575018465519, 'count': 8, 'index': 0}), ('01101010', {'probability': 0.34959999999999997, 'energy': -2.172039546072483, 'count': 8, 'index': 0}), ('10011010', {'probability': 0.34819999999999995, 'energy': -2.099589742720127, 'count': 7, 'index': 0}), ('10101010', {'probability': 0.9751999999999998, 'energy': -1.9409553185105324, 'count': 6, 'index': 0}), ('01011001', {'probability': 0.28080000000000005, 'energy': -1.412954516708851, 'count': 29, 'index': 0}), ('01101001', {'probability': 0.1696, 'energy': -1.2584190443158152, 'count': 7, 'index': 0}), ('10011001', {'probability': 0.172, 'energy': -1.185969240963459, 'count': 7, 'index': 0}), ('10101001', {'probability': 0.3596, 'energy': -1.0273348167538643, 'count': 6, 'index': 0}), ('01010110', {'probability': 0.294, 'energy': 0.2419277653098106, 'count': 29, 'index': 0}), ('01100110', {'probability': 0.17120000000000002, 'energy': 0.39632084220647806, 'count': 8, 'index': 0}), ('10010110', {'probability': 0.17120000000000002, 'energy': 0.4689130410552026, 'count': 8, 'index': 0}), ('10100110', {'probability': 0.358, 'energy': 0.6274050697684289, 'count': 6, 'index': 0}), ('01010101', {'probability': 18.5294, 'energy': 2.7306037172675133, 'count': 29, 'index': 0}), ('01100101', {'probability': 0.2972000000000003, 'energy': 2.8849967941641808, 'count': 29, 'index': 0}), ('10010101', {'probability': 0.2840000000000004, 'energy': 2.957588993012905, 'count': 29, 'index': 0}), ('10100101', {'probability': 0.16899999999999998, 'energy': 3.1160810217261314, 'count': 7, 'index': 0})]"
