Experiment,Ground State Energy,Best Measurement,Execution Time (seconds),Number of qubits
"Aer Simulation Local Penalty QAOA, post-selected",23.260034948587418,001100010010100100010,325.68065094947815,21
"Aer Simulation Local Penalty QAOA, post-selected",22.642184749245644,100001100010010010100,227.95672702789307,21,8000
"Aer Simulation Local Penalty QAOA, post-selected",20.331583455204964,100001001010010100001,219.37771224975586,21,10000
"Aer Simulation Local Penalty QAOA, post-selected",20.331583455204964,100001001010010100001,215.6388750076294,21,10000
"Aer Simulation Local Penalty QAOA, post-selected",20.813780441880226,010001100010100010010,222.3803949356079,21,15000
