res i,res j,rot A_i,rot B_j,E_ij
1,2,1,1,-0.512775182723999
1,2,1,2,-0.5146986842155457
1,2,2,1,-0.4243573248386383
1,2,2,2,-0.4281960427761078
2,3,1,1,0.5409548282623291
2,3,1,2,0.28877708315849304
2,3,2,1,1.2336525917053223
2,3,2,2,0.9831742644309998
3,4,1,1,-1.2425674200057983
3,4,1,2,-1.1538841724395752
3,4,2,1,-1.049715518951416
3,4,2,2,-0.9960000514984131
1,1,1,1,1.3451073169708252
1,1,2,2,3.579968214035034
2,2,1,1,1.2188520431518555
2,2,2,2,3.9321744441986084
3,3,1,1,1.3070380687713623
3,3,2,2,3.7002525329589844
4,4,1,1,1.325792908668518
4,4,2,2,3.6101014614105225
