res i,rot A_i,E_ii
1,10,1.5225752592086792
1,11,1.3581387996673584
1,12,1.866588830947876
2,10,4.818016529083252
2,11,0.9517647624015808
2,12,1.7499312162399292
3,10,1.0920227766036987
3,11,-0.17497572302818298
3,12,0.18313564360141754
4,10,1.5978596210479736
4,11,0.9253708720207214
4,12,1.7080386877059937
5,10,0.19341015815734863
5,11,1.9769327640533447
5,12,1.8543429374694824
6,10,2.3198206424713135
6,11,2.589733123779297
6,12,2.217862844467163
7,10,1.395658254623413
7,11,1.3352566957473755
7,12,1.5424256324768066
