res i,rot A_i,E_ii
1,10,0.7227389216423035
1,11,1.061015009880066
1,12,0.9665603637695312
2,10,1.5684934854507446
2,11,1.3736194372177124
2,12,1.7209619283676147
