res i,rot A_i,E_ii
1,10,1.5223727226257324
1,11,1.3580093383789062
1,12,1.8663614988327026
1,13,1.6969329118728638
1,14,1.7022264003753662
1,15,1.0856316089630127
1,16,1.7722166776657104
2,10,4.818663597106934
2,11,0.9518799185752869
2,12,1.7505300045013428
2,13,1.8184646368026733
2,14,3.045071840286255
2,15,2.12766170501709
2,16,1.940288782119751
3,10,1.09164559841156
3,11,-0.17501534521579742
3,12,0.18302777409553528
3,13,0.34831851720809937
3,14,0.8776643872261047
3,15,1.3013674020767212
3,16,1.3678760528564453
4,10,1.598427414894104
4,11,0.9251463413238525
4,12,1.7084522247314453
4,13,2.1256470680236816
4,14,1.8751412630081177
4,15,-0.08005569875240326
4,16,0.3179832696914673
5,10,0.19373908638954163
5,11,1.9768835306167603
5,12,1.8546010255813599
5,13,-0.18555201590061188
5,14,0.19342873990535736
5,15,0.27178481221199036
5,16,0.9213130474090576
6,10,2.3296680450439453
6,11,2.6064648628234863
6,12,2.2282936573028564
6,13,2.323262929916382
6,14,2.0263988971710205
6,15,2.792759895324707
6,16,2.3892624378204346
7,10,1.3916939496994019
7,11,1.203655481338501
7,12,1.5404839515686035
7,13,1.7254853248596191
7,14,0.17975157499313354
7,15,0.5600337982177734
7,16,0.6777451634407043
