res i,rot A_i,E_ii
1,10,1.5226280689239502
1,11,1.3582662343978882
1,12,1.8666163682937622
1,13,1.6971895694732666
1,14,1.7024827003479004
1,15,1.0858889818191528
1,16,1.7724730968475342
2,10,4.818068027496338
2,11,0.9517742395401001
2,12,1.7499396800994873
2,13,1.8179407119750977
2,14,3.043877363204956
2,15,2.127084255218506
2,16,1.9406187534332275
3,10,1.0918333530426025
3,11,-0.17488692700862885
3,12,0.18316908180713654
3,13,0.3484627306461334
3,14,0.8778183460235596
3,15,1.3015307188034058
3,16,1.3680614233016968
4,10,1.5981014966964722
4,11,0.925300657749176
4,12,1.7081509828567505
4,13,2.125222682952881
4,14,1.8748221397399902
4,15,-0.07994479686021805
4,16,0.31809690594673157
5,10,0.19329123198986053
5,11,1.976955771446228
5,12,1.8542883396148682
5,13,-0.1864333152770996
5,14,0.1925310641527176
5,15,0.27092838287353516
5,16,0.9206051230430603
6,10,2.326610565185547
6,11,2.599802017211914
6,12,2.2249503135681152
6,13,2.318981409072876
6,14,2.0231246948242188
6,15,2.7903945446014404
6,16,2.3854124546051025
7,10,1.3981459140777588
7,11,1.342130184173584
7,12,1.5454968214035034
7,13,1.728945255279541
7,14,0.1899387091398239
7,15,0.5703655481338501
7,16,0.686062753200531
