res i,rot A_i,E_ii
1,10,1.5563040971755981
1,11,1.6340051889419556
2,10,2.6702535152435303
2,11,1.077065110206604
3,10,1.5273298025131226
3,11,0.24867168068885803
4,10,1.8565260171890259
4,11,0.33611732721328735
5,10,0.18326768279075623
5,11,0.8131590485572815
6,10,1.4428168535232544
6,11,1.8400872945785522
7,10,4.4913129806518555
7,11,-0.5023589134216309
8,10,1.0475345849990845
8,11,1.6420388221740723
9,10,2.6585357189178467
9,11,3.6129579544067383
10,10,5.496304035186768
10,11,-0.2626720666885376
11,10,1.063996434211731
11,11,2.264676570892334
12,10,0.6066392660140991
12,11,1.972893476486206
13,10,5.110541343688965
13,11,0.35272082686424255
14,10,1.1770466566085815
14,11,-0.3726319968700409
15,10,1.86624276638031
15,11,2.043367624282837
