res i,res j,rot A_i,rot B_j,E_ij
1,2,10,10,3.3755698204040527
1,2,10,11,0.19628620147705078
1,2,10,12,0.2281581163406372
1,2,11,10,1.126073956489563
1,2,11,11,-0.29206788539886475
1,2,11,12,-0.2588125467300415
1,2,12,10,3.3703629970550537
1,2,12,11,0.8964073657989502
1,2,12,12,0.9255384206771851
2,3,10,10,0.7900418639183044
2,3,10,11,0.4671710133552551
2,3,10,12,0.6361902356147766
2,3,11,10,0.44166499376296997
2,3,11,11,0.11949361115694046
2,3,11,12,0.2885180711746216
2,3,12,10,0.4477546811103821
2,3,12,11,0.12558335065841675
2,3,12,12,0.29460781812667847
3,4,10,10,-0.885757327079773
3,4,10,11,-0.9904046058654785
3,4,10,12,-0.9228173494338989
3,4,11,10,0.13306832313537598
3,4,11,11,0.03253579139709473
3,4,11,12,0.09597408771514893
3,4,12,10,-0.3692672848701477
3,4,12,11,-0.4739146828651428
3,4,12,12,-0.40632736682891846
