res i,res j,rot A_i,rot B_j,E_ij
1,2,10,10,1.5669902563095093
1,2,10,11,1.835004448890686
1,2,10,12,1.7923862934112549
1,2,11,10,0.3534594178199768
1,2,11,11,0.5846097469329834
1,2,11,12,0.5408929586410522
1,2,12,10,1.704901099205017
1,2,12,11,1.9879908561706543
1,2,12,12,1.9389392137527466
2,3,10,10,-0.06529435515403748
2,3,10,11,-0.2615719735622406
2,3,10,12,-0.2615719735622406
2,3,11,10,0.9491690993309021
2,3,11,11,0.7646054625511169
2,3,11,12,0.7646054625511169
2,3,12,10,-0.22282499074935913
2,3,12,11,-0.2879059314727783
2,3,12,12,-0.1729326844215393
3,4,10,10,-0.8864776492118835
3,4,10,11,-1.0769195556640625
3,4,10,12,-0.7982401847839355
3,4,11,10,-1.0676655769348145
3,4,11,11,-1.2582714557647705
3,4,11,12,-0.9794281125068665
3,4,12,10,-1.0751533508300781
3,4,12,11,-1.2657592296600342
3,4,12,12,-0.9869157671928406
4,5,10,10,12.535619735717773
4,5,10,11,10.603375434875488
4,5,10,12,13.451993942260742
4,5,11,10,9.39313793182373
4,5,11,11,9.954381942749023
4,5,11,12,9.275718688964844
4,5,12,10,14.029507637023926
4,5,12,11,10.743931770324707
4,5,12,12,15.805414199829102
5,6,10,10,0.5263935327529907
5,6,10,11,0.533699095249176
5,6,10,12,2.216031789779663
5,6,11,10,0.17904308438301086
5,6,11,11,0.1863485872745514
5,6,11,12,1.8645254373550415
5,6,12,10,0.4984152019023895
5,6,12,11,0.5057207942008972
5,6,12,12,2.188053846359253
6,7,10,10,1.8498412370681763
6,7,10,11,1.9155477285385132
6,7,10,12,1.9800734519958496
6,7,11,10,1.9244647026062012
6,7,11,11,1.9902726411819458
6,7,11,12,2.054696559906006
6,7,12,10,2.3509769439697266
6,7,12,11,2.4166555404663086
6,7,12,12,2.4811668395996094
