res i,res j,rot A_i,rot B_j,E_ij
1,2,10,10,0.7223308086395264
1,2,10,11,0.7553726434707642
1,2,10,12,0.8955978155136108
1,2,11,10,0.09070491790771484
1,2,11,11,0.12174129486083984
1,2,11,12,0.26178455352783203
1,2,12,10,0.5175254344940186
1,2,12,11,0.5474392175674438
1,2,12,12,0.6860127449035645
